{
    "train": {
        "loss": 0.07802458060905337,
        "time": 43.77614188194275
    },
    "step": 1
}
