{
    "train": {
        "loss": 0.13096819212660193,
        "time": 214.80650854110718
    },
    "step": 7
}
