{
    "train": {
        "loss": 0.10566890891641378,
        "time": 41.24954414367676
    },
    "step": 1
}
