{
    "train": {
        "loss": 0.08378573793631333,
        "time": 17.217873096466064
    },
    "step": 0,
    "val": {
        "loss": 0.081854697316885
    }
}
