step	loss
0	0.16434705443680286
1	0.13757613534107804
2	0.1358979674987495
3	0.13613969692960382
4	0.13578071584925056
5	0.1341749643906951
6	0.13233824167400599
7	0.13096819212660193
