step	loss
0	0.14565247064456344
1	0.10566890891641378
