step	loss
0	0.07683173147961497
1	0.07802458060905337
